close_time,symbol,type,volume,commission,swap,profit
2026-03-04 14:17:00,EURUSD,buy,1.5,-7.5,0.0,-1392.43
2026-03-04 16:23:00,XAUUSD,buy,1.0,0.0,0.0,1386.27
2026-03-04 18:06:00,EURUSD,sell,1.5,-7.5,-3.2,-1082.36
2026-03-05 20:09:00,US100.cash,sell,1.5,0.0,0.0,1276.92
2026-03-05 13:13:00,EURUSD,buy,0.5,-2.5,0.0,1604.3
2026-03-06 16:25:00,EURUSD,sell,1.0,-5.0,0.0,1278.36
2026-03-09 13:16:00,EURUSD,buy,1.0,-5.0,-3.2,969.68
2026-03-09 19:26:00,XAUUSD,buy,1.0,0.0,0.0,1679.58
2026-03-09 14:34:00,XAUUSD,sell,0.5,0.0,0.0,1877.93
2026-03-10 16:09:00,XAUUSD,buy,1.5,0.0,-3.2,1670.08
2026-03-10 13:17:00,XAUUSD,sell,1.5,0.0,0.0,-1106.26
2026-03-10 18:05:00,US100.cash,buy,0.5,0.0,0.0,1279.66
2026-03-10 17:22:00,XAUUSD,sell,1.0,0.0,0.0,1068.09
2026-03-11 10:21:00,XAUUSD,sell,0.5,0.0,0.0,-1044.77
2026-03-12 17:45:00,XAUUSD,sell,1.0,0.0,0.0,1775.67
2026-03-17 19:17:00,US100.cash,sell,1.0,0.0,-3.2,1743.56
2026-03-17 12:13:00,XAUUSD,buy,1.5,0.0,0.0,-1226.86
2026-03-17 11:19:00,XAUUSD,sell,0.5,0.0,0.0,-1069.06
2026-03-17 17:38:00,EURUSD,buy,0.5,-2.5,0.0,1667.88
2026-03-18 18:37:00,XAUUSD,sell,0.5,0.0,0.0,1359.74
2026-03-18 18:12:00,EURUSD,sell,0.5,-2.5,0.0,1616.4
2026-03-19 19:01:00,EURUSD,sell,0.5,-2.5,0.0,1587.34
2026-03-19 13:41:00,XAUUSD,buy,1.5,0.0,-3.2,-861.01
2026-03-19 12:59:00,US100.cash,sell,1.5,0.0,0.0,1578.3
2026-03-20 13:11:00,XAUUSD,sell,1.5,0.0,0.0,1737.53
2026-03-23 13:09:00,XAUUSD,buy,0.5,0.0,0.0,-1219.0
2026-03-23 12:02:00,XAUUSD,sell,1.0,0.0,-3.2,-1014.18
2026-03-23 16:02:00,XAUUSD,buy,0.5,0.0,0.0,-1142.85
2026-03-23 16:30:00,US100.cash,buy,1.5,0.0,0.0,-1197.23
2026-03-24 16:12:00,EURUSD,sell,0.5,-2.5,0.0,-1152.69
2026-03-24 12:40:00,EURUSD,buy,0.5,-2.5,0.0,1962.92
2026-03-24 19:10:00,XAUUSD,sell,1.5,0.0,0.0,-1400.43
2026-03-25 14:47:00,EURUSD,sell,1.0,-5.0,-3.2,1436.71
2026-03-25 15:35:00,US100.cash,sell,1.5,0.0,-3.2,-1179.35
2026-03-26 17:52:00,XAUUSD,buy,1.5,0.0,0.0,1025.63
2026-03-26 14:07:00,EURUSD,sell,1.0,-5.0,0.0,1601.31
2026-03-26 12:55:00,XAUUSD,buy,1.0,0.0,0.0,-1293.62
2026-03-26 15:18:00,XAUUSD,buy,1.0,0.0,-3.2,1272.98
2026-03-27 16:13:00,XAUUSD,sell,1.0,0.0,-3.2,1448.02
2026-03-27 12:19:00,XAUUSD,sell,0.5,0.0,0.0,1394.66
2026-03-27 17:00:00,XAUUSD,buy,1.5,0.0,0.0,2114.72
2026-03-30 14:27:00,XAUUSD,sell,0.5,0.0,-3.2,1659.66
2026-03-30 14:15:00,EURUSD,sell,0.5,-2.5,0.0,1462.23
2026-03-31 18:30:00,XAUUSD,buy,0.5,0.0,0.0,1495.92
2026-03-31 18:56:00,XAUUSD,sell,0.5,0.0,0.0,-1348.35
2026-04-01 15:20:00,EURUSD,sell,1.0,-5.0,-3.2,1980.22
2026-04-01 18:35:00,EURUSD,buy,1.0,-5.0,0.0,-1358.35
2026-04-03 12:27:00,EURUSD,sell,1.5,-7.5,0.0,-1239.29
2026-04-03 13:54:00,XAUUSD,sell,1.5,0.0,0.0,-1486.92
2026-04-06 19:46:00,US100.cash,buy,0.5,0.0,0.0,1476.54
2026-04-06 17:06:00,EURUSD,buy,1.5,-7.5,0.0,-1205.28
2026-04-07 19:25:00,EURUSD,buy,0.5,-2.5,-3.2,-821.18
2026-04-07 14:04:00,US100.cash,buy,1.0,0.0,-3.2,1406.99
2026-04-07 16:44:00,XAUUSD,buy,1.5,0.0,0.0,-984.86
2026-04-08 15:28:00,XAUUSD,buy,0.5,0.0,0.0,1705.02
2026-04-08 14:21:00,XAUUSD,buy,1.0,0.0,0.0,-1273.32
2026-04-08 12:25:00,US100.cash,buy,0.5,0.0,0.0,-1329.81
2026-04-08 12:43:00,US100.cash,buy,0.5,0.0,-3.2,-1151.24
2026-04-09 18:14:00,EURUSD,buy,0.5,-2.5,0.0,-1338.36
2026-04-09 13:44:00,US100.cash,buy,1.0,0.0,0.0,1466.09
2026-04-09 16:57:00,EURUSD,sell,0.5,-2.5,0.0,1680.07
2026-04-09 15:26:00,XAUUSD,buy,1.0,0.0,0.0,1836.81
2026-04-10 13:12:00,XAUUSD,buy,1.5,0.0,0.0,1673.43
2026-04-10 17:46:00,XAUUSD,sell,1.5,0.0,0.0,-1519.18
2026-04-10 17:10:00,EURUSD,buy,0.5,-2.5,0.0,1316.83
2026-04-10 13:09:00,EURUSD,buy,1.5,-7.5,0.0,-1035.18
2026-04-13 16:28:00,XAUUSD,buy,1.0,0.0,-3.2,-1674.06
2026-04-14 13:00:00,XAUUSD,buy,1.5,0.0,0.0,-1580.64
2026-04-14 14:04:00,XAUUSD,buy,0.5,0.0,-3.2,1575.65
2026-04-15 13:35:00,EURUSD,sell,1.0,-5.0,0.0,1533.21
2026-04-16 14:57:00,XAUUSD,sell,0.5,0.0,-3.2,2084.81
2026-04-16 14:29:00,EURUSD,buy,0.5,-2.5,0.0,1886.47
2026-04-17 14:34:00,EURUSD,sell,1.5,-7.5,-3.2,1116.39
2026-04-22 14:13:00,EURUSD,sell,0.5,-2.5,-3.2,1641.61
2026-04-22 13:53:00,US100.cash,buy,0.5,0.0,-3.2,1609.14
2026-04-22 17:37:00,XAUUSD,sell,0.5,0.0,0.0,2231.99
2026-04-23 18:10:00,US100.cash,sell,1.5,0.0,0.0,-1529.33
2026-04-23 13:36:00,EURUSD,buy,0.5,-2.5,0.0,1758.57
2026-04-24 12:42:00,EURUSD,sell,0.5,-2.5,0.0,1381.15
2026-04-24 14:07:00,US100.cash,buy,1.0,0.0,0.0,1232.68
2026-04-27 13:22:00,XAUUSD,sell,0.5,0.0,0.0,-1460.39
2026-04-28 13:38:00,EURUSD,buy,0.5,-2.5,0.0,1170.81
2026-04-28 15:02:00,XAUUSD,buy,1.5,0.0,0.0,-1101.66
2026-04-28 11:12:00,EURUSD,buy,1.5,-7.5,0.0,1074.18
2026-04-28 11:33:00,XAUUSD,sell,1.0,0.0,0.0,-986.4
2026-04-29 15:24:00,XAUUSD,sell,0.5,0.0,0.0,1458.05
2026-04-30 13:00:00,XAUUSD,sell,0.5,0.0,0.0,-1435.81
2026-04-30 13:56:00,XAUUSD,sell,1.0,0.0,-3.2,-1185.53
2026-04-30 15:22:00,XAUUSD,buy,1.0,0.0,0.0,-1260.52
2026-05-01 13:57:00,XAUUSD,sell,1.0,0.0,0.0,-1376.47
2026-05-04 19:23:00,XAUUSD,buy,0.5,0.0,0.0,1592.54
2026-05-05 16:12:00,EURUSD,sell,1.0,-5.0,-3.2,-881.5
2026-05-06 13:20:00,XAUUSD,sell,0.5,0.0,0.0,1084.96
2026-05-06 10:42:00,EURUSD,sell,1.0,-5.0,0.0,1102.57
2026-05-06 18:55:00,EURUSD,sell,1.0,-5.0,-3.2,-1219.76
2026-05-07 18:28:00,EURUSD,sell,1.5,-7.5,0.0,1765.09
2026-05-07 11:48:00,EURUSD,sell,0.5,-2.5,0.0,-1492.11
2026-05-07 13:51:00,XAUUSD,buy,1.0,0.0,0.0,-1263.27
2026-05-08 15:07:00,US100.cash,buy,1.5,0.0,-3.2,1424.25
2026-05-08 14:26:00,US100.cash,sell,0.5,0.0,0.0,-1317.28
2026-05-08 15:36:00,EURUSD,sell,0.5,-2.5,-3.2,1811.63
2026-05-08 11:11:00,XAUUSD,buy,0.5,0.0,-3.2,1579.14
2026-05-12 15:18:00,XAUUSD,sell,1.5,0.0,0.0,1573.38
2026-05-12 17:18:00,EURUSD,sell,1.5,-7.5,0.0,876.29
2026-05-13 14:03:00,XAUUSD,buy,0.5,0.0,0.0,1614.54
2026-05-13 14:14:00,EURUSD,buy,0.5,-2.5,-3.2,-1336.15
2026-05-14 13:01:00,XAUUSD,sell,1.5,0.0,0.0,-1264.31
2026-05-14 17:06:00,XAUUSD,buy,1.5,0.0,0.0,1441.19
2026-05-15 14:15:00,US100.cash,sell,1.5,0.0,0.0,-896.99
2026-05-15 15:35:00,EURUSD,sell,0.5,-2.5,-3.2,-1553.85
2026-05-15 14:37:00,XAUUSD,buy,0.5,0.0,-3.2,1894.0
2026-05-15 17:05:00,XAUUSD,sell,1.5,0.0,0.0,-1064.34
2026-05-18 11:48:00,EURUSD,sell,1.0,-5.0,-3.2,-1788.62
2026-05-18 16:26:00,XAUUSD,sell,1.5,0.0,-3.2,1653.01
2026-05-18 19:56:00,XAUUSD,sell,1.5,0.0,0.0,896.65
2026-05-20 13:18:00,XAUUSD,buy,1.5,0.0,0.0,1523.22
2026-05-21 12:46:00,US100.cash,buy,0.5,0.0,0.0,-1211.17
2026-05-21 19:14:00,XAUUSD,sell,1.5,0.0,0.0,978.59
2026-05-22 17:24:00,US100.cash,buy,1.0,0.0,0.0,2218.04
2026-05-22 16:11:00,XAUUSD,buy,1.0,0.0,-3.2,1919.98
2026-05-25 15:17:00,XAUUSD,sell,1.0,0.0,-3.2,1069.68
2026-05-25 12:54:00,XAUUSD,sell,1.0,0.0,0.0,1567.62
2026-05-26 16:18:00,XAUUSD,sell,0.5,0.0,-3.2,1471.28
2026-05-26 15:26:00,EURUSD,buy,0.5,-2.5,0.0,-1345.0
2026-05-28 16:49:00,XAUUSD,sell,1.5,0.0,0.0,1336.46
2026-05-28 18:52:00,XAUUSD,sell,1.0,0.0,0.0,-1307.4
2026-05-29 18:42:00,XAUUSD,sell,1.0,0.0,0.0,-1672.52
2026-06-01 14:11:00,XAUUSD,buy,0.5,0.0,0.0,-1490.35
2026-06-01 18:21:00,EURUSD,buy,1.5,-7.5,-3.2,-1423.16
2026-06-03 19:05:00,XAUUSD,sell,1.5,0.0,0.0,1589.37
2026-06-03 17:17:00,EURUSD,buy,0.5,-2.5,0.0,564.02
2026-06-04 17:16:00,US100.cash,sell,1.5,0.0,0.0,-904.39
2026-06-04 19:31:00,XAUUSD,buy,1.0,0.0,0.0,-1307.62
2026-06-04 18:36:00,US100.cash,buy,1.5,0.0,0.0,-1068.12
2026-06-05 18:25:00,EURUSD,sell,0.5,-2.5,0.0,-1133.14
2026-06-08 12:13:00,XAUUSD,sell,1.5,0.0,0.0,1443.88
2026-06-09 15:30:00,XAUUSD,buy,0.5,0.0,-3.2,-1384.85
2026-06-09 15:50:00,EURUSD,sell,1.5,-7.5,0.0,-1153.19
2026-06-09 16:45:00,XAUUSD,sell,1.5,0.0,-3.2,-808.85
2026-06-10 17:28:00,XAUUSD,sell,1.5,0.0,0.0,-977.99
2026-06-11 12:18:00,XAUUSD,buy,1.5,0.0,-3.2,1046.78
2026-06-11 16:50:00,XAUUSD,sell,1.0,0.0,-3.2,-1136.0
2026-06-11 18:12:00,XAUUSD,buy,1.0,0.0,0.0,1166.62
2026-06-12 14:25:00,XAUUSD,buy,0.5,0.0,0.0,-1374.85
2026-06-12 15:20:00,US100.cash,buy,0.5,0.0,0.0,-1246.62
2026-06-12 17:15:00,US100.cash,sell,1.0,0.0,0.0,-1401.05
2026-06-15 11:55:00,XAUUSD,sell,1.0,0.0,0.0,-1056.41
2026-06-15 12:03:00,EURUSD,sell,0.5,-2.5,-3.2,-1231.27
2026-06-16 16:46:00,EURUSD,sell,1.0,-5.0,0.0,1046.16
2026-06-16 12:38:00,XAUUSD,buy,1.0,0.0,-3.2,1212.44
2026-06-17 16:45:00,XAUUSD,buy,0.5,0.0,0.0,1342.03
2026-06-17 15:43:00,XAUUSD,buy,0.5,0.0,0.0,-1265.53
2026-06-18 16:55:00,EURUSD,sell,1.0,-5.0,0.0,-1511.44
2026-06-18 14:45:00,US100.cash,buy,1.0,0.0,0.0,1708.44
2026-06-18 18:29:00,US100.cash,buy,0.5,0.0,0.0,-1176.5
2026-06-18 16:15:00,XAUUSD,sell,1.5,0.0,0.0,-1311.1
2026-06-19 15:21:00,EURUSD,sell,1.5,-7.5,0.0,1890.24
2026-06-19 18:49:00,US100.cash,buy,1.0,0.0,-3.2,-1085.7
2026-06-22 11:44:00,XAUUSD,sell,1.0,0.0,0.0,-942.36
2026-06-22 14:25:00,XAUUSD,sell,0.5,0.0,0.0,-1413.63
2026-06-22 15:41:00,XAUUSD,buy,0.5,0.0,0.0,1174.61
2026-06-22 13:34:00,US100.cash,buy,0.5,0.0,0.0,-1176.21
2026-06-24 15:28:00,XAUUSD,buy,0.5,0.0,0.0,1190.82
2026-06-24 14:08:00,EURUSD,buy,1.5,-7.5,0.0,-1364.73
2026-06-24 18:22:00,US100.cash,sell,0.5,0.0,0.0,1390.83
2026-06-25 12:14:00,US100.cash,buy,0.5,0.0,-3.2,-1402.6
2026-06-25 17:19:00,XAUUSD,sell,1.0,0.0,0.0,-1686.67
2026-06-26 15:26:00,EURUSD,sell,0.5,-2.5,0.0,-1301.35
2026-06-26 12:15:00,EURUSD,buy,1.5,-7.5,0.0,-1345.54
2026-06-29 14:44:00,EURUSD,sell,1.0,-5.0,0.0,-1386.36
2026-06-29 15:59:00,XAUUSD,buy,1.5,0.0,-3.2,1033.87
2026-06-29 15:45:00,EURUSD,sell,1.5,-7.5,0.0,1704.13
2026-06-30 20:05:00,EURUSD,buy,1.0,-5.0,0.0,-789.78
2026-06-30 14:48:00,XAUUSD,sell,1.5,0.0,-3.2,-1124.39
2026-06-30 18:39:00,XAUUSD,sell,1.5,0.0,0.0,2028.9
2026-06-30 15:49:00,EURUSD,buy,1.0,-5.0,0.0,1318.56
2026-07-02 16:30:00,XAUUSD,buy,1.5,0.0,0.0,-1456.24
2026-07-02 16:18:00,XAUUSD,buy,0.5,0.0,0.0,-1146.06
2026-07-03 13:18:00,XAUUSD,buy,1.0,0.0,0.0,1298.43
2026-07-03 19:58:00,XAUUSD,buy,1.0,0.0,-3.2,-1128.33
